segment_id,campaign_id,age_group,ads_count,total_spent,total_conversions,avg_ctr,avg_cvr,avg_cpa,good_ratio,conversion_per_spend,recommendation_score,recommended_weight,suggested_action
CAMP_061|25-34,CAMP_061,25-34,2,180,247,0.059845833625442296,0.07746653933231276,0.7326680672268908,1.0,1.3722222222222222,0.7725965417339795,0.004962951048900152,increase_budget
CAMP_093|25-34,CAMP_093,25-34,4,476,613,0.06257789045139808,0.07714598728536866,0.8096550747025063,1.0,1.2878151260504203,0.7564146700678712,0.004859003085609719,increase_budget
CAMP_093|18-24,CAMP_093,18-24,1,100,139,0.05733792520089421,0.0732349841938883,0.7194244604316546,1.0,1.39,0.7493103585850576,0.004813366911719772,increase_budget
CAMP_069|18-24,CAMP_069,18-24,2,249,292,0.04879877861941238,0.10037993920972643,0.8577545642763034,1.0,1.1726907630522088,0.7366232686707336,0.004731868480395619,increase_budget
CAMP_095|35-44,CAMP_095,35-44,1,129,164,0.04673096962086194,0.09376786735277301,0.7865853658536586,1.0,1.2713178294573644,0.7316165692330163,0.0046997067984779406,increase_budget
CAMP_072|25-34,CAMP_072,25-34,3,399,434,0.056324311378738216,0.08929814854367026,0.9190088026572614,1.0,1.087719298245614,0.7109209734917759,0.0045667638935549095,increase_budget
CAMP_066|25-34,CAMP_066,25-34,3,374,423,0.06285518090424562,0.07632898221570432,0.9266760872978489,1.0,1.1310160427807487,0.706891270298629,0.004540878171047921,increase_budget
CAMP_069|35-44,CAMP_069,35-44,6,704,754,0.046203822961993636,0.09356580500388324,1.012811218271312,1.0,1.0710227272727273,0.6592711628274007,0.004234979491003809,keep_and_test
CAMP_008|18-24,CAMP_008,18-24,1,119,116,0.06856240126382307,0.06682027649769585,1.0258620689655173,1.0,0.9747899159663865,0.659217028042999,0.00423463174380263,keep_and_test
CAMP_030|18-24,CAMP_030,18-24,5,517,598,0.04622210321660477,0.08500658104588296,0.9046857387987941,1.0,1.1566731141199227,0.656622658145867,0.0042179662138569374,keep_and_test
CAMP_085|25-34,CAMP_085,25-34,3,497,460,0.06279101190436792,0.07805682322118475,1.0857148113242256,1.0,0.9255533199195171,0.6541369688383224,0.004201998818599859,keep_and_test
CAMP_045|25-34,CAMP_045,25-34,3,430,396,0.05831478449718024,0.0849589350064428,1.1114972061759458,1.0,0.9209302325581395,0.6525821768968421,0.004192011256036515,keep_and_test
CAMP_096|35-44,CAMP_096,35-44,2,215,260,0.045489847784420404,0.07675617656642325,0.8274524894914452,1.0,1.2093023255813953,0.6425116004882596,0.004127320599205679,keep_and_test
CAMP_093|45-54,CAMP_093,45-54,2,201,229,0.055619218787425935,0.06766796235067227,0.8871923076923077,1.0,1.1393034825870647,0.6413427562731386,0.004119812260363758,keep_and_test
CAMP_073|25-34,CAMP_073,25-34,2,337,299,0.05582268607237484,0.08774273141112454,1.1324625190771165,1.0,0.887240356083086,0.6405477972395534,0.004114705658720538,keep_and_test
CAMP_072|45-54,CAMP_072,45-54,1,130,125,0.04853989993967995,0.09137426900584796,1.04,1.0,0.9615384615384616,0.637591394089892,0.004095714525159865,keep_and_test
CAMP_043|18-24,CAMP_043,18-24,1,135,126,0.06369083928379203,0.07098591549295774,1.0714285714285714,1.0,0.9333333333333333,0.6355088600032183,0.004082336889911032,keep_and_test
CAMP_085|35-44,CAMP_085,35-44,5,890,757,0.06198380564275825,0.08031937106634393,1.2035960486651336,1.0,0.8505617977528089,0.6338419583312871,0.004071629164786405,keep_and_test
CAMP_060|45-54,CAMP_060,45-54,2,209,227,0.047691363037392145,0.0808656622181035,0.9412672045562411,1.0,1.0861244019138756,0.6300011600716103,0.004046956916437098,keep_and_test
CAMP_045|35-44,CAMP_045,35-44,4,549,499,0.06057021456067846,0.0754429257296165,1.1050363110983548,1.0,0.9089253187613844,0.6272848775655366,0.0040295082528922525,keep_and_test
CAMP_095|18-24,CAMP_095,18-24,4,449,523,0.04600822868825059,0.07622153811794805,0.8900878290303591,1.0,1.1648106904231625,0.626152033179124,0.004022231167205111,keep_and_test
CAMP_073|45-54,CAMP_073,45-54,1,173,157,0.04784566282913485,0.09350804050029779,1.1019108280254777,1.0,0.9075144508670521,0.6251919422125551,0.00401606380272419,keep_and_test
CAMP_066|18-24,CAMP_066,18-24,3,352,356,0.053081060000418706,0.07645499948025468,0.9954603729392879,1.0,1.0113636363636365,0.6214727339529879,0.003992172615622225,keep_and_test
CAMP_036|25-34,CAMP_036,25-34,3,323,336,0.05476331431422652,0.0711154684539153,0.9858857808857809,1.0,1.0402476780185759,0.6179397310717077,0.003969477561466192,keep_and_test
CAMP_086|35-44,CAMP_086,35-44,1,179,152,0.04917398422384284,0.09200968523002422,1.1776315789473684,1.0,0.8491620111731844,0.6089554799963726,0.003911765164517268,keep_and_test
CAMP_017|18-24,CAMP_017,18-24,1,148,118,0.042398863381440215,0.10405643738977072,1.2542372881355932,1.0,0.7972972972972973,0.6010187499619448,0.0038607817591802523,keep_and_test
CAMP_087|25-34,CAMP_087,25-34,1,183,150,0.04674258868306027,0.09541984732824428,1.22,1.0,0.819672131147541,0.5993766648310427,0.0038502334487975735,keep_and_test
CAMP_056|45-54,CAMP_056,45-54,1,190,141,0.05557498601007275,0.08873505349276274,1.3475177304964538,1.0,0.7421052631578947,0.5987705105031385,0.0038463396774758487,keep_and_test
CAMP_045|18-24,CAMP_045,18-24,1,184,139,0.06192564745196324,0.07813378302417089,1.3237410071942446,1.0,0.7554347826086957,0.5979627901088265,0.0038411511003057105,keep_and_test
CAMP_068|35-44,CAMP_068,35-44,3,369,348,0.05395653131650408,0.07432538032256715,1.075092437380573,1.0,0.943089430894309,0.5968467105666343,0.003833981707439743,keep_and_test
CAMP_096|25-34,CAMP_096,25-34,3,356,377,0.046360643865101366,0.07446563289767598,0.961731251799745,1.0,1.0589887640449438,0.591036771423773,0.003796660231086257,keep_and_test
CAMP_040|45-54,CAMP_040,45-54,2,248,220,0.06376070163647568,0.06392161346784762,1.2169385629989586,1.0,0.8870967741935484,0.5897142887216187,0.0037881649601922427,keep_and_test
CAMP_091|25-34,CAMP_091,25-34,4,436,480,0.044011803175240796,0.07314330145662468,0.9223056580705719,1.0,1.1009174311926606,0.5864172163500413,0.0037669854597661926,keep_and_test
CAMP_030|35-44,CAMP_030,35-44,2,230,230,0.04320240710790686,0.081284754352996,1.0020429782082325,1.0,1.0,0.5826451292791647,0.003742754593494213,keep_and_test
CAMP_095|25-34,CAMP_095,25-34,4,471,483,0.04212600029600589,0.08083115437013944,0.9813686231435925,1.0,1.0254777070063694,0.5825236168670261,0.003741974030650994,keep_and_test
CAMP_095|45-54,CAMP_095,45-54,1,147,139,0.047812407561782344,0.078177727784027,1.0575539568345325,1.0,0.9455782312925171,0.5796563326881223,0.0037235553732347334,keep_and_test
CAMP_033|35-44,CAMP_033,35-44,4,396,394,0.04751275867258092,0.07399134889713778,1.0069374284367212,1.0,0.9949494949494949,0.5774281696349287,0.003709242256925477,keep_and_test
CAMP_030|25-34,CAMP_030,25-34,3,313,316,0.04270116929771677,0.07938010024143184,0.9905167886819264,1.0,1.0095846645367412,0.5759502282367973,0.0036997483614498294,keep_and_test
CAMP_093|35-44,CAMP_093,35-44,3,334,310,0.059929877673321356,0.05939884996569065,1.0776951909027381,1.0,0.9281437125748503,0.5703433468697335,0.003663731273282084,keep_and_test
CAMP_061|35-44,CAMP_061,35-44,4,398,400,0.04751191976612021,0.07111363562684489,1.00130343654442,1.0,1.0050251256281406,0.5694151659858631,0.0036577688905346344,keep_and_test
CAMP_008|35-44,CAMP_008,35-44,1,138,110,0.05429968806562175,0.07801418439716312,1.2545454545454546,1.0,0.7971014492753623,0.5688157195193176,0.0036539182086985185,keep_and_test
CAMP_070|18-24,CAMP_070,18-24,3,395,353,0.055501693676913065,0.06930908556048553,1.200789401992016,1.0,0.8936708860759494,0.5672433108243464,0.0036438174808794514,keep_and_test
CAMP_091|18-24,CAMP_091,18-24,4,365,426,0.04132538852681602,0.06789117894447017,0.9244783700232982,1.0,1.167123287671233,0.5665440466827829,0.0036393255973188004,keep_and_test
CAMP_061|18-24,CAMP_061,18-24,2,213,203,0.04908553581717334,0.07148236753499912,1.0554421768707483,1.0,0.9530516431924883,0.5634783095559213,0.003619632131884355,keep_and_test
CAMP_087|35-44,CAMP_087,35-44,7,1216,923,0.05113971833805973,0.08498340029796607,1.3675814652481237,1.0,0.759046052631579,0.5634498099863926,0.00361944905836429,keep_and_test
CAMP_085|45-54,CAMP_085,45-54,1,209,134,0.05722159770823512,0.08491761723700887,1.5597014925373134,1.0,0.6411483253588517,0.5625790078755794,0.0036138552613230223,keep_and_test
CAMP_092|35-44,CAMP_092,35-44,7,687,732,0.045225578491012074,0.06870745909805191,0.9880223701385354,1.0,1.0655021834061136,0.5624482451549436,0.0036130152770019954,keep_and_test
CAMP_090|35-44,CAMP_090,35-44,1,107,109,0.049473591600926715,0.06461173681090694,0.981651376146789,1.0,1.0186915887850467,0.5606428658247395,0.0036014180088853277,keep_and_test
CAMP_063|45-54,CAMP_063,45-54,3,320,317,0.050509104714759966,0.06487822435397204,1.0200650573531929,1.0,0.990625,0.5577606111509417,0.0035829031850622517,keep_and_test
CAMP_063|35-44,CAMP_063,35-44,2,186,193,0.05514239915476897,0.05393988840930625,0.9686489980607628,1.0,1.0376344086021505,0.5571235300106502,0.0035788107482693714,keep_and_test
CAMP_085|18-24,CAMP_085,18-24,1,169,129,0.05292506358833888,0.07948243992606285,1.310077519379845,1.0,0.7633136094674556,0.5564436441067737,0.0035744433452621007,keep_and_test
CAMP_017|35-44,CAMP_017,35-44,6,929,660,0.05128304517173921,0.08615925827416977,1.4344901485204942,1.0,0.7104413347685683,0.55497355693783,0.003564999903228683,keep_and_test
CAMP_072|35-44,CAMP_072,35-44,6,783,665,0.056870492658483825,0.06571167614851797,1.174608372094571,1.0,0.8492975734355045,0.553216568233016,0.0035537134833905975,keep_and_test
CAMP_056|18-24,CAMP_056,18-24,3,471,341,0.054270227014925065,0.07991329434636561,1.3901709401709403,1.0,0.7239915074309978,0.5529005256231595,0.0035516833112148793,keep_and_test
CAMP_024|18-24,CAMP_024,18-24,1,148,110,0.05258288357748651,0.08064516129032258,1.3454545454545455,1.0,0.7432432432432432,0.5527551440384909,0.0035507494192685055,keep_and_test
CAMP_044|45-54,CAMP_044,45-54,1,145,121,0.04151370533529124,0.08916728076639646,1.1983471074380165,1.0,0.8344827586206897,0.5522216494940267,0.0035473223947272248,keep_and_test
CAMP_068|45-54,CAMP_068,45-54,3,342,307,0.0498316897934232,0.0718952399713912,1.125487779035451,1.0,0.8976608187134503,0.5517793695907126,0.0035444813083496778,keep_and_test
CAMP_067|25-34,CAMP_067,25-34,2,267,244,0.04155769188802892,0.08230515228616328,1.1081504702194358,1.0,0.9138576779026217,0.5502649532887695,0.0035347531079653843,keep_and_test
CAMP_074|45-54,CAMP_074,45-54,1,172,125,0.06034223956769739,0.06909894969596463,1.376,1.0,0.7267441860465116,0.5469502952204928,0.003513460641784034,keep_and_test
CAMP_011|18-24,CAMP_011,18-24,2,238,197,0.049149119034225065,0.07764513000508014,1.2419114516815666,1.0,0.8277310924369747,0.546847761951212,0.003512801995817043,keep_and_test
CAMP_010|18-24,CAMP_010,18-24,1,121,88,0.0620648589226823,0.06494464944649446,1.375,1.0,0.7272727272727273,0.5410286035516549,0.0034754212974541167,keep_and_test
CAMP_039|18-24,CAMP_039,18-24,1,146,109,0.05465068823507587,0.07399864222674814,1.3394495412844036,1.0,0.7465753424657534,0.5403000987816485,0.0034707415800115334,keep_and_test
CAMP_094|18-24,CAMP_094,18-24,3,350,320,0.05825599969648013,0.05517912859599373,1.120064868052484,1.0,0.9142857142857143,0.5394354705121662,0.0034651874420557702,keep_and_test
CAMP_005|35-44,CAMP_005,35-44,4,429,370,0.04974639591336459,0.07154824252240566,1.1785637172993795,1.0,0.8624708624708625,0.5388151959200993,0.0034612029659792974,keep_and_test
CAMP_068|25-34,CAMP_068,25-34,4,518,438,0.05170534397050687,0.06998205965019366,1.1996146224689421,1.0,0.8455598455598455,0.5386367330489942,0.0034600565688036734,keep_and_test
CAMP_052|45-54,CAMP_052,45-54,3,518,360,0.05277665948741896,0.08055944845585017,1.458790847953729,1.0,0.694980694980695,0.5378653448845051,0.003455101380043097,keep_and_test
CAMP_003|35-44,CAMP_003,35-44,2,223,187,0.05034747676828845,0.07211211508738556,1.2120312136035407,1.0,0.8385650224215246,0.5368952743409738,0.0034488699094611546,keep_and_test
CAMP_087|45-54,CAMP_087,45-54,2,392,263,0.055014799896995516,0.07857757665535887,1.4930579659840333,1.0,0.6709183673469388,0.5360193907097812,0.0034432434701084937,keep_and_test
CAMP_056|25-34,CAMP_056,25-34,2,375,242,0.04571683221835937,0.09430045231737935,1.586764705882353,1.0,0.6453333333333333,0.5348680192048089,0.0034358473712268554,keep_and_test
CAMP_060|18-24,CAMP_060,18-24,2,199,182,0.04463856989811285,0.07367261488699751,1.1237508111615835,1.0,0.914572864321608,0.5339703853748247,0.003430081214484748,keep_and_test
CAMP_069|45-54,CAMP_069,45-54,2,255,208,0.039655690082300396,0.0884065776245871,1.2273231622746186,1.0,0.8156862745098039,0.533445930372644,0.0034267122575161704,keep_and_test
CAMP_074|25-34,CAMP_074,25-34,4,594,467,0.053731450169203825,0.07016766814230697,1.2763158407355462,1.0,0.7861952861952862,0.5329604769763769,0.003423593836306585,keep_and_test
CAMP_006|35-44,CAMP_006,35-44,3,360,280,0.0492624771343791,0.07571483458117291,1.283748417053609,1.0,0.7777777777777778,0.5270483408427242,0.0033856158741480966,keep_and_test
CAMP_052|25-34,CAMP_052,25-34,3,473,338,0.05205614649828941,0.07741810926910726,1.4531755363934618,1.0,0.7145877378435518,0.5267872848387412,0.0033839389210441107,keep_and_test
CAMP_056|35-44,CAMP_056,35-44,4,759,486,0.0542771286345166,0.07942492146377539,1.5900010599636585,1.0,0.6403162055335968,0.5248821499019423,0.0033717008499136577,keep_and_test
CAMP_037|25-34,CAMP_037,25-34,2,211,184,0.04654519299254054,0.07107675338506009,1.1491477272727273,1.0,0.8720379146919431,0.5236483533893083,0.0033637752750945373,keep_and_test
CAMP_037|35-44,CAMP_037,35-44,3,435,336,0.051489549855678274,0.07204563533400253,1.3185273462021343,1.0,0.7724137931034483,0.5225385015598023,0.0033566458873690785,keep_and_test
CAMP_051|35-44,CAMP_051,35-44,2,301,212,0.05589756118352457,0.07069338639759334,1.4254385964912282,1.0,0.7043189368770764,0.5215902643427441,0.0033505546681663065,keep_and_test
CAMP_001|35-44,CAMP_001,35-44,5,485,425,0.05322056845223923,0.06064867429090862,1.1610704718114846,1.0,0.8762886597938144,0.5213128883809074,0.00334877288007074,keep_and_test
CAMP_043|25-34,CAMP_043,25-34,6,805,612,0.0515414684663035,0.07257307228101127,1.3380509494852386,1.0,0.760248447204969,0.5211498221011523,0.003347725386430225,keep_and_test
CAMP_082|25-34,CAMP_082,25-34,5,818,612,0.049097939584220165,0.07619632712745932,1.3464481702582325,1.0,0.7481662591687042,0.5182837844588284,0.003329314736427527,keep_and_test
CAMP_091|35-44,CAMP_091,35-44,2,186,193,0.039960873067112435,0.06577268665081977,0.9719855832241153,1.0,1.0376344086021505,0.5182599464309479,0.0033291616073891704,keep_and_test
CAMP_039|35-44,CAMP_039,35-44,4,497,393,0.049561586379630984,0.0724033591151963,1.341085561497326,1.0,0.7907444668008048,0.5162799410033864,0.0033164425884928527,keep_and_test
CAMP_073|18-24,CAMP_073,18-24,1,139,111,0.053102309202530465,0.06514084507042253,1.2522522522522523,1.0,0.7985611510791367,0.5148672270494077,0.0033073676964619375,keep_and_test
CAMP_097|25-34,CAMP_097,25-34,5,601,526,0.05454656192758724,0.0563916778092302,1.145511492333521,1.0,0.8752079866888519,0.5134780392347204,0.0032984439299815075,keep_and_test
CAMP_045|45-54,CAMP_045,45-54,2,296,213,0.050446628420011796,0.07574618559301635,1.4476670870113493,1.0,0.7195945945945946,0.5131404276524523,0.003296275204565551,keep_and_test
CAMP_092|18-24,CAMP_092,18-24,1,124,109,0.045182018990791474,0.0692063492063492,1.1376146788990826,1.0,0.8790322580645161,0.5115815117708955,0.003286261150927471,keep_and_test
CAMP_051|25-34,CAMP_051,25-34,4,683,459,0.05360996037709742,0.07413498689059764,1.5293075146062791,1.0,0.6720351390922401,0.5107083629115177,0.0032806522790086693,keep_and_test
CAMP_051|45-54,CAMP_051,45-54,2,406,249,0.055170620870481434,0.07652552714153618,1.6691644562334216,1.0,0.6133004926108374,0.5104291431821654,0.003278858647049675,keep_and_test
CAMP_094|25-34,CAMP_094,25-34,3,359,317,0.04995384705254705,0.061559039779660374,1.1355057202192689,1.0,0.883008356545961,0.5101022474756192,0.0032767587575186614,keep_and_test
CAMP_037|18-24,CAMP_037,18-24,2,234,189,0.049349859745840566,0.0677808099619859,1.2344734473447345,1.0,0.8076923076923077,0.5072853225839973,0.003258663594532077,keep_and_test
CAMP_005|25-34,CAMP_005,25-34,5,658,486,0.04958920042070109,0.07342122517234638,1.3814046062812513,1.0,0.7386018237082067,0.5068930268468457,0.003256143592907677,keep_and_test
CAMP_036|35-44,CAMP_036,35-44,5,555,456,0.05026017350328086,0.06431159733307949,1.2191475237115317,1.0,0.8216216216216217,0.5032738620932498,0.0032328950582071604,keep_and_test
CAMP_060|35-44,CAMP_060,35-44,2,222,187,0.04029829536096623,0.07722975553857908,1.1928407789232534,1.0,0.8423423423423423,0.5032667964747645,0.0032328496705866126,keep_and_test
CAMP_052|35-44,CAMP_052,35-44,4,725,454,0.049415663727426826,0.08148550892364659,1.5909256242518435,1.0,0.6262068965517241,0.5029856961824362,0.0032310439584001126,keep_and_test
CAMP_066|35-44,CAMP_066,35-44,4,483,387,0.053742325383595926,0.06104980728853555,1.2796114281688156,1.0,0.8012422360248447,0.502222612205287,0.003226142113491136,keep_and_test
CAMP_063|25-34,CAMP_063,25-34,5,589,490,0.0478318170790537,0.06730720651804492,1.243367802552529,1.0,0.831918505942275,0.5020646264087496,0.0032251272554995685,keep_and_test
CAMP_061|45-54,CAMP_061,45-54,2,197,171,0.0479114262198222,0.06334104509286992,1.1515731874145008,1.0,0.868020304568528,0.5012647222311182,0.003219988887589604,keep_and_test
CAMP_018|35-44,CAMP_018,35-44,2,293,195,0.04679563787318247,0.08155099025574278,1.4952380952380953,1.0,0.6655290102389079,0.5011128215581578,0.0032190131187847045,keep_and_test
CAMP_067|18-24,CAMP_067,18-24,7,798,712,0.04090913411018353,0.07259799097083522,1.185699309435664,1.0,0.8922305764411027,0.5007261888081089,0.0032165294946565302,keep_and_test
CAMP_033|18-24,CAMP_033,18-24,2,213,182,0.04605074654878405,0.0660713547085644,1.1649659863945578,1.0,0.8544600938967136,0.4974574137741606,0.0031955317686675646,keep_and_test
CAMP_096|18-24,CAMP_096,18-24,5,592,524,0.047322376126924734,0.06174301210015608,1.13110490184494,1.0,0.8851351351351351,0.49724073827108284,0.003194139903887977,keep_and_test
CAMP_055|35-44,CAMP_055,35-44,3,528,336,0.04242063130531321,0.0896374058605478,1.6089054314860765,1.0,0.6363636363636364,0.49687292493945573,0.0031917771706094908,keep_and_test
CAMP_014|18-24,CAMP_014,18-24,5,730,525,0.047661945289821525,0.07481009217321569,1.431447425353177,1.0,0.7191780821917808,0.49510798869295386,0.0031804396979149335,keep_and_test
CAMP_031|45-54,CAMP_031,45-54,2,209,171,0.045240781556083506,0.06953907154567557,1.2228395061728394,1.0,0.8181818181818182,0.49444938377788106,0.0031762089982191577,keep_and_test
CAMP_008|25-34,CAMP_008,25-34,3,329,245,0.05461461592605634,0.061546384916727044,1.341362126245847,1.0,0.7446808510638298,0.493278276771574,0.003168686123819175,keep_and_test
CAMP_082|35-44,CAMP_082,35-44,3,516,355,0.05439455480693799,0.06648586172889807,1.447594643944005,1.0,0.687984496124031,0.4932486453230252,0.003168495779414674,keep_and_test
CAMP_036|45-54,CAMP_036,45-54,1,143,102,0.06143455531382927,0.05391120507399577,1.4019607843137254,1.0,0.7132867132867133,0.49227317888038313,0.0031622296470374673,keep_and_test
CAMP_074|35-44,CAMP_074,35-44,3,474,318,0.05370671717783665,0.06890349283436961,1.5138888888888886,1.0,0.6708860759493671,0.4921071316200578,0.0031611630043846943,keep_and_test
CAMP_046|18-24,CAMP_046,18-24,2,280,195,0.05520425556210671,0.06370809561918638,1.4426605504587156,1.0,0.6964285714285714,0.4893759089991468,0.003143618369586293,keep_and_test
CAMP_037|45-54,CAMP_037,45-54,3,374,291,0.05247732468092122,0.0625739216527544,1.5065539574011826,1.0,0.7780748663101604,0.48562884211459656,0.0031195482262185263,keep_and_test
CAMP_060|25-34,CAMP_060,25-34,4,399,333,0.04250994264760951,0.0697743786752982,1.2042677327546896,1.0,0.8345864661654135,0.485169086575366,0.0031165948810863557,keep_and_test
CAMP_001|18-24,CAMP_001,18-24,3,308,247,0.05415880203054455,0.0560574618921137,1.3128121673626465,1.0,0.801948051948052,0.48434165754320024,0.0031112797009616028,keep_and_test
CAMP_073|35-44,CAMP_073,35-44,6,887,643,0.04986045450912232,0.06720946926706399,1.4066065231922245,1.0,0.7249154453213078,0.48113025087602457,0.0030906504938316643,keep_and_test
CAMP_036|18-24,CAMP_036,18-24,1,139,99,0.057869241522806335,0.05561797752808989,1.404040404040404,1.0,0.7122302158273381,0.4789074453304406,0.003076371792701061,keep_and_test
CAMP_094|45-54,CAMP_094,45-54,2,227,182,0.0543264389102618,0.0531125554420005,1.2476986434108528,1.0,0.801762114537445,0.47774034580342184,0.003068874661263236,keep_and_test
CAMP_038|25-34,CAMP_038,25-34,3,339,251,0.052256935236596275,0.0614539557111802,1.383445251958576,1.0,0.7404129793510325,0.47719126129335865,0.003065347491003016,keep_and_test
CAMP_062|35-44,CAMP_062,35-44,3,288,243,0.044669045057344675,0.06416103521310719,1.21869918699187,1.0,0.84375,0.47717737888139933,0.003065258314146438,keep_and_test
CAMP_006|18-24,CAMP_006,18-24,2,246,173,0.0442058499728385,0.07556578888264151,1.4247151383613672,1.0,0.7032520325203252,0.4759244680342746,0.0030572099540166343,keep_and_test
CAMP_078|35-44,CAMP_078,35-44,4,597,410,0.05069883519757711,0.06674380557025827,1.4646873959373958,1.0,0.6867671691792295,0.4731358585163929,0.00303929668132623,keep_and_test
CAMP_048|18-24,CAMP_048,18-24,1,159,105,0.04642300937738162,0.07494646680942184,1.5142857142857142,1.0,0.660377358490566,0.4726551737514805,0.0030362088925136397,keep_and_test
CAMP_040|35-44,CAMP_040,35-44,4,592,389,0.04970924979711733,0.07044360977368538,1.5354654844195168,1.0,0.6570945945945946,0.47226233076670204,0.0030336853755186196,keep_and_test
CAMP_033|25-34,CAMP_033,25-34,2,188,158,0.043095237732671335,0.06506072729476986,1.2141345057808175,1.0,0.8404255319148937,0.47150680745185813,0.0030288320982576867,keep_and_test
CAMP_083|18-24,CAMP_083,18-24,3,526,369,0.05087350096567752,0.06510668402018938,1.460925864053161,1.0,0.7015209125475285,0.4713807470182258,0.003028022320155501,keep_and_test
CAMP_043|35-44,CAMP_043,35-44,3,439,287,0.05158715668027141,0.06766895705409537,1.5523239985787918,1.0,0.6537585421412301,0.4708050070867862,0.003024323922683751,keep_and_test
CAMP_099|25-34,CAMP_099,25-34,3,395,298,0.04680500860694905,0.06517038683276928,1.3202452977733878,1.0,0.7544303797468355,0.4674637202409637,0.003002860400443626,keep_and_test
CAMP_070|35-44,CAMP_070,35-44,3,417,302,0.050337416140053805,0.06257735843333788,1.4175104397326619,1.0,0.7242206235011991,0.46586350042651387,0.002992581021521258,keep_and_test
CAMP_014|25-34,CAMP_014,25-34,4,675,440,0.04536459256237864,0.07539714352942031,1.5565510977911132,1.0,0.6518518518518519,0.46513797343314306,0.0029879204325097236,keep_and_test
CAMP_014|35-44,CAMP_014,35-44,1,175,107,0.037088170693442106,0.09052453468697123,1.6355140186915889,1.0,0.6114285714285714,0.4648260775114775,0.002985916897536471,keep_and_test
CAMP_031|35-44,CAMP_031,35-44,1,128,94,0.03845784674452088,0.07820299500831947,1.3617021276595744,1.0,0.734375,0.4641319546913708,0.002981458040433147,keep_and_test
CAMP_005|18-24,CAMP_005,18-24,1,121,80,0.045412535708284324,0.07400555041628122,1.5125,1.0,0.6611570247933884,0.4638987388341888,0.002979959924896125,keep_and_test
CAMP_026|35-44,CAMP_026,35-44,3,528,327,0.04675116847333872,0.07569061915516746,1.6409892957799717,1.0,0.6193181818181818,0.4637518835575252,0.0029790165663512906,keep_and_test
CAMP_067|35-44,CAMP_067,35-44,1,149,109,0.04264110636384079,0.07185234014502308,1.3669724770642202,1.0,0.7315436241610739,0.4623932223620587,0.0029702888946094436,keep_and_test
CAMP_042|35-44,CAMP_042,35-44,4,608,386,0.05185923751075617,0.06733820687300632,1.695853351568923,1.0,0.6348684210526315,0.4621431667285821,0.0029686826049078858,keep_and_test
CAMP_016|25-34,CAMP_016,25-34,4,610,396,0.05142302151096087,0.06658821830908446,1.6418887988062822,1.0,0.6491803278688525,0.46181223422049633,0.00296655678405651,keep_and_test
CAMP_090|25-34,CAMP_090,25-34,4,303,313,0.037549483909257164,0.05789660416240262,1.1512928128781788,1.0,1.033003300330033,0.46080159118479747,0.0029600646867675054,keep_and_test
CAMP_053|35-44,CAMP_053,35-44,1,173,117,0.04369159522562505,0.07381703470031546,1.4786324786324787,1.0,0.6763005780346821,0.4584800977745582,0.0029451520415083076,keep_and_test
CAMP_075|25-34,CAMP_075,25-34,4,586,400,0.048015147587548275,0.06639372708526464,1.4870553954472494,1.0,0.6825938566552902,0.45542490270965225,0.0029255262954262207,keep_and_test
CAMP_059|45-54,CAMP_059,45-54,1,195,108,0.05368374528269813,0.06839772007599747,1.8055555555555556,1.0,0.5538461538461539,0.4551286328829216,0.0029236231382569816,keep_and_test
CAMP_071|25-34,CAMP_071,25-34,4,585,389,0.05150094968097792,0.06157154333536152,1.5100818707716444,1.0,0.6649572649572649,0.45168645659324624,0.002901511529539445,keep_and_test
CAMP_031|25-34,CAMP_031,25-34,5,464,379,0.04037289341195307,0.0659083681179875,1.2681752873563217,1.0,0.8168103448275862,0.45160922156805755,0.002901015392644486,keep_and_test
CAMP_035|18-24,CAMP_035,18-24,1,109,84,0.048342359001452916,0.05737704918032787,1.2976190476190477,1.0,0.7706422018348624,0.4515430161369556,0.0029005901068763244,keep_and_test
CAMP_089|45-54,CAMP_089,45-54,1,168,110,0.05402838145131113,0.05860415556739478,1.5272727272727273,1.0,0.6547619047619048,0.4515094923487229,0.002900374759135317,keep_and_test
CAMP_054|45-54,CAMP_054,45-54,2,375,211,0.05079261851322814,0.0708947100757488,1.7746174617461747,1.0,0.5626666666666666,0.4514696982046884,0.0029001191323259697,keep_and_test
CAMP_062|18-24,CAMP_062,18-24,2,183,148,0.03892870076750914,0.06770624026463584,1.23662100456621,1.0,0.8087431693989071,0.4504380482078661,0.002893492092005111,keep_and_test
CAMP_039|25-34,CAMP_039,25-34,4,528,352,0.04323878504153794,0.07427703420059673,1.6416603995662338,1.0,0.6666666666666666,0.449736849568415,0.0028889877817536817,reduce_budget
CAMP_062|25-34,CAMP_062,25-34,4,433,318,0.04236844654773288,0.06848001992160277,1.3854545121479707,1.0,0.7344110854503464,0.44813974201993956,0.00287872839518547,reduce_budget
CAMP_089|18-24,CAMP_089,18-24,3,585,355,0.051569726541659804,0.06550840442063864,1.6849363100273393,1.0,0.6068376068376068,0.44795952434363373,0.002877570725616247,reduce_budget
CAMP_098|18-24,CAMP_098,18-24,2,239,180,0.04810703791383395,0.058477789497210206,1.3762111167771547,1.0,0.7531380753138075,0.44667037097451356,0.0028692895533356817,reduce_budget
CAMP_070|25-34,CAMP_070,25-34,3,432,293,0.0455810595311165,0.06765898832463739,1.4862146124282045,1.0,0.6782407407407407,0.4459732622815401,0.0028648115157933114,reduce_budget
CAMP_044|25-34,CAMP_044,25-34,4,623,399,0.038467528746286984,0.08120878794906358,1.5792476149091288,1.0,0.6404494382022472,0.44593919023470635,0.00286459264618746,reduce_budget
CAMP_013|45-54,CAMP_013,45-54,2,244,163,0.04469872291728742,0.06969123043577255,1.5082191780821916,1.0,0.6680327868852459,0.4456388302349006,0.0028626632148535604,reduce_budget
CAMP_097|18-24,CAMP_097,18-24,1,134,94,0.049784706289090735,0.059343434343434344,1.425531914893617,1.0,0.7014925373134329,0.4455044058135678,0.0028617997087584464,reduce_budget
CAMP_099|35-44,CAMP_099,35-44,1,137,95,0.04142142205155645,0.07218844984802432,1.4421052631578948,1.0,0.6934306569343066,0.4453268350718147,0.002860659042380288,reduce_budget
CAMP_047|18-24,CAMP_047,18-24,3,426,266,0.0539459290197618,0.05914222026863191,1.594135311782371,1.0,0.6244131455399061,0.4440121053675316,0.0028522135746459286,reduce_budget
CAMP_055|25-34,CAMP_055,25-34,6,1087,631,0.04188702179425726,0.08029694720982326,1.7457039323262828,1.0,0.5804967801287948,0.4427296426786308,0.002843975381483983,reduce_budget
CAMP_051|18-24,CAMP_051,18-24,2,322,180,0.049964349376114076,0.06943518888960885,1.791101055806938,1.0,0.5590062111801242,0.4402805113323419,0.0028282428246740876,reduce_budget
CAMP_079|25-34,CAMP_079,25-34,5,866,535,0.04958009334610132,0.06578442358332334,1.7039995379599104,1.0,0.6177829099307159,0.4399803776201052,0.002826314846950278,reduce_budget
CAMP_002|25-34,CAMP_002,25-34,1,104,68,0.060428770149742246,0.046039268788083954,1.5294117647058822,1.0,0.6538461538461539,0.4393015687072335,0.0028219543622416896,reduce_budget
CAMP_002|35-44,CAMP_002,35-44,4,450,302,0.04888324229121914,0.061815819328881465,1.5282817299796223,1.0,0.6711111111111111,0.4390150772591707,0.0028201140187300903,reduce_budget
CAMP_017|25-34,CAMP_017,25-34,3,451,252,0.04787923162569457,0.07205989113304301,1.7850018666459135,1.0,0.5587583148558758,0.4388160195430187,0.002818835325844731,reduce_budget
CAMP_065|18-24,CAMP_065,18-24,4,425,342,0.041554478555417385,0.061184022969035246,1.2687807352736615,1.0,0.8047058823529412,0.4377793595876953,0.002812176102906614,reduce_budget
CAMP_041|25-34,CAMP_041,25-34,3,378,275,0.04432715180135454,0.06284544117461856,1.3983235241662209,1.0,0.7275132275132276,0.43574182100238285,0.0027990875065786315,reduce_budget
CAMP_004|25-34,CAMP_004,25-34,4,405,306,0.04193789206185895,0.06387082581883738,1.3583720134572617,1.0,0.7555555555555555,0.43454380791811714,0.002791391794817085,reduce_budget
CAMP_041|35-44,CAMP_041,35-44,3,381,279,0.04047024767905343,0.06885790767254983,1.5253977062523123,1.0,0.7322834645669292,0.4329563044007251,0.0027811941019448244,reduce_budget
CAMP_035|35-44,CAMP_035,35-44,7,801,569,0.046182492790804865,0.06184218158299859,1.5601160841826867,1.0,0.7103620474406991,0.431849681768911,0.002774085457711222,reduce_budget
CAMP_076|18-24,CAMP_076,18-24,4,551,371,0.04676158217068711,0.06254139518199676,1.5124994496180348,1.0,0.6733212341197822,0.43125693304590057,0.0027702778003665537,reduce_budget
CAMP_070|45-54,CAMP_070,45-54,1,141,95,0.04471681388880398,0.06493506493506493,1.4842105263157894,1.0,0.6737588652482269,0.4302392401660745,0.0027637404167872083,reduce_budget
CAMP_039|45-54,CAMP_039,45-54,1,115,74,0.05108031470905387,0.05785770132916341,1.554054054054054,1.0,0.6434782608695652,0.4292406407043376,0.002757325684157244,reduce_budget
CAMP_010|45-54,CAMP_010,45-54,2,236,139,0.05824228468574921,0.051599635882158226,1.703150912106136,1.0,0.5889830508474576,0.4280485210652848,0.00274966783029244,reduce_budget
CAMP_011|25-34,CAMP_011,25-34,5,727,416,0.04250407838066013,0.07594031621016693,1.7535369258765627,1.0,0.5722145804676754,0.4278430346276675,0.0027483478410405874,reduce_budget
CAMP_016|18-24,CAMP_016,18-24,3,391,242,0.049751223315387255,0.06219139604095439,1.7144645275792818,1.0,0.618925831202046,0.42748293142190624,0.002746034635523599,reduce_budget
CAMP_010|25-34,CAMP_010,25-34,4,554,320,0.05210952228226429,0.062355873505244026,1.8859450271950273,1.0,0.5776173285198556,0.42723090465929925,0.002744415683822076,reduce_budget
CAMP_003|18-24,CAMP_003,18-24,3,322,220,0.04884398905787265,0.057760131237677176,1.5072006203611388,1.0,0.6832298136645962,0.42717104801074884,0.002744031180914465,reduce_budget
CAMP_098|45-54,CAMP_098,45-54,3,382,274,0.044957561671656855,0.06034989252640152,1.4158098517548539,1.0,0.7172774869109948,0.4268731306777256,0.0027421174406107676,reduce_budget
CAMP_012|25-34,CAMP_012,25-34,3,409,254,0.044801174140123516,0.06871360419747517,1.6658283031522467,1.0,0.6210268948655256,0.4267730993283386,0.0027414748662999266,reduce_budget
CAMP_071|35-44,CAMP_071,35-44,3,384,267,0.05094252689889148,0.05375208888457956,1.5071815384226523,1.0,0.6953125,0.426322172863722,0.0027385782367531216,reduce_budget
CAMP_046|45-54,CAMP_046,45-54,4,603,355,0.05231185931088114,0.06076857968721045,1.8431913455037185,1.0,0.5887230514096186,0.42593609805018806,0.002736098196658091,reduce_budget
CAMP_079|45-54,CAMP_079,45-54,1,122,86,0.04118371600922212,0.06595092024539877,1.4186046511627908,1.0,0.7049180327868853,0.4243541868021955,0.002725936427010674,reduce_budget
CAMP_077|35-44,CAMP_077,35-44,1,123,93,0.04646470081790788,0.05385060799073538,1.3225806451612903,1.0,0.7560975609756098,0.42375560926029854,0.0027220913269112895,reduce_budget
CAMP_100|35-44,CAMP_100,35-44,1,128,88,0.05078825066067252,0.05263157894736842,1.4545454545454546,1.0,0.6875,0.4217075131889916,0.002708934912151099,reduce_budget
CAMP_013|35-44,CAMP_013,35-44,1,167,94,0.050695622667119106,0.06291834002677377,1.7765957446808511,1.0,0.562874251497006,0.4212636517734969,0.0027060836665674056,reduce_budget
CAMP_059|35-44,CAMP_059,35-44,3,564,309,0.05183726061954582,0.06284246415458013,1.8773741291276027,1.0,0.5478723404255319,0.42125922558872136,0.0027060552339545378,reduce_budget
CAMP_074|18-24,CAMP_074,18-24,2,238,153,0.055428052611556776,0.04954750598653111,1.5854895104895106,1.0,0.6428571428571429,0.42072223875477777,0.0027026057758909737,reduce_budget
CAMP_094|35-44,CAMP_094,35-44,2,246,175,0.04532305081670154,0.058435291630034386,1.4171031953902566,1.0,0.7113821138211383,0.4203920173825802,0.0027004845231840447,reduce_budget
CAMP_041|18-24,CAMP_041,18-24,3,411,272,0.046347956234999495,0.061370708715133386,1.5659663865546218,1.0,0.6618004866180048,0.4201532214942951,0.0026989505630376823,reduce_budget
CAMP_082|18-24,CAMP_082,18-24,2,341,193,0.050945208469515155,0.06194768818865204,1.7663802363050483,1.0,0.5659824046920822,0.4199762661250263,0.0026978138496457867,reduce_budget
CAMP_065|25-34,CAMP_065,25-34,3,343,262,0.0410399763283117,0.060150922054643896,1.3214004870631377,1.0,0.7638483965014577,0.41944354592399824,0.0026943917992771314,reduce_budget
CAMP_088|45-54,CAMP_088,45-54,1,225,105,0.06348116475765425,0.051622418879056046,2.142857142857143,1.0,0.4666666666666667,0.41929141995391034,0.0026934145832244703,reduce_budget
CAMP_032|35-44,CAMP_032,35-44,3,340,231,0.045200707448919554,0.061406803122678995,1.5308400373617765,1.0,0.6794117647058824,0.41918748419640756,0.002692746928052783,reduce_budget
CAMP_013|25-34,CAMP_013,25-34,4,557,333,0.047859004443832634,0.06391699266767396,1.7103510263754624,1.0,0.5978456014362658,0.41911759743495164,0.0026922979944149317,reduce_budget
CAMP_079|35-44,CAMP_079,35-44,2,316,198,0.04777753161669475,0.06139694646042122,1.6231481481481482,1.0,0.6265822784810127,0.4183441223152171,0.0026873293996187795,reduce_budget
CAMP_006|45-54,CAMP_006,45-54,2,260,159,0.044888605759921305,0.06693738007569561,1.6870888157894737,1.0,0.6115384615384616,0.41790161255493347,0.0026844868367022806,reduce_budget
CAMP_083|35-44,CAMP_083,35-44,4,623,409,0.046505476618597476,0.06111605478250978,1.6166411670945502,1.0,0.6565008025682183,0.41714915732747654,0.0026796532680042166,reduce_budget
CAMP_050|35-44,CAMP_050,35-44,1,134,94,0.04233831265648297,0.06245847176079734,1.425531914893617,1.0,0.7014925373134329,0.41659299164097663,0.0026760806101833803,reduce_budget
CAMP_004|35-44,CAMP_004,35-44,2,242,166,0.04426061884593728,0.06081145800906004,1.4574358974358974,1.0,0.6859504132231405,0.41617344609947055,0.002673385563192093,reduce_budget
CAMP_003|25-34,CAMP_003,25-34,3,298,210,0.04842884554770024,0.054758294317883906,1.5793010752688172,1.0,0.7046979865771812,0.4157952762441287,0.002670956302408685,reduce_budget
CAMP_065|45-54,CAMP_065,45-54,1,110,86,0.03486460999595851,0.06646058732612056,1.2790697674418605,1.0,0.7818181818181819,0.4154557279029456,0.002668775135777723,reduce_budget
CAMP_042|25-34,CAMP_042,25-34,6,894,501,0.04761187950508793,0.06570857182662988,1.8376272436104981,1.0,0.5604026845637584,0.41269244265730076,0.002651024539357107,reduce_budget
CAMP_076|45-54,CAMP_076,45-54,2,342,200,0.047735484794756575,0.06307359006587798,1.756568144499179,1.0,0.5847953216374269,0.41110390238629735,0.0026408201866602874,reduce_budget
CAMP_044|18-24,CAMP_044,18-24,4,589,374,0.03577095589905558,0.07679924885760532,1.6570930337892924,1.0,0.634974533106961,0.4110676916659085,0.0026405875787944384,reduce_budget
CAMP_021|35-44,CAMP_021,35-44,2,333,177,0.04898377499259203,0.0649412987236746,1.8831716036772217,1.0,0.5315315315315315,0.4098254716016338,0.0026326078933597606,reduce_budget
CAMP_032|45-54,CAMP_032,45-54,3,311,205,0.0522049058548002,0.04975602812242203,1.6205766298986637,1.0,0.6591639871382636,0.4063428689593962,0.002610236596696428,reduce_budget
CAMP_031|18-24,CAMP_031,18-24,2,204,146,0.03811507983716239,0.0656273873185638,1.4976190476190476,1.0,0.7156862745098039,0.40556204900423004,0.0026052208206656467,reduce_budget
CAMP_040|18-24,CAMP_040,18-24,2,254,146,0.053390489997879695,0.053713856939305124,1.7331455399061033,1.0,0.5748031496062992,0.40553074109371645,0.0026050197071232875,reduce_budget
CAMP_099|18-24,CAMP_099,18-24,5,646,446,0.046619112841971434,0.05488260337619973,1.524576897587022,1.0,0.6904024767801857,0.40527569183950785,0.002603381339753878,reduce_budget
CAMP_049|18-24,CAMP_049,18-24,2,332,183,0.05020047694512297,0.06019047693101205,1.8126493072145247,1.0,0.5512048192771084,0.40488848768078906,0.002600894045051084,reduce_budget
CAMP_015|18-24,CAMP_015,18-24,3,427,240,0.055960442999635894,0.05146483698736062,1.8747284162378504,1.0,0.5620608899297423,0.40453582038332087,0.002598628605796134,reduce_budget
CAMP_013|18-24,CAMP_013,18-24,3,432,239,0.04634163941459433,0.06549848647285023,1.797783461210571,1.0,0.5532407407407407,0.4044907792840885,0.002598339273966901,reduce_budget
CAMP_098|25-34,CAMP_098,25-34,4,508,356,0.04312468987755543,0.05833233046409937,1.447601445205975,1.0,0.7007874015748031,0.404431083504695,0.0025979558044392083,reduce_budget
CAMP_012|35-44,CAMP_012,35-44,5,683,399,0.04420648533903996,0.06638769753884896,1.748924044964848,1.0,0.5841874084919473,0.40432301400980425,0.0025972615952575074,reduce_budget
CAMP_086|45-54,CAMP_086,45-54,3,544,278,0.050278509090615396,0.06320702719531884,1.9626345318016307,1.0,0.5110294117647058,0.4040441063192281,0.002595469967751145,reduce_budget
CAMP_054|35-44,CAMP_054,35-44,3,599,288,0.046137973690733525,0.07109741222646158,2.0983369345497103,1.0,0.48080133555926546,0.40136982110526853,0.0025782910834425367,reduce_budget
CAMP_046|35-44,CAMP_046,35-44,3,458,248,0.046181641519618837,0.06638648956759192,1.9254346928533108,1.0,0.5414847161572053,0.4011197418698921,0.0025766846421287634,reduce_budget
CAMP_020|18-24,CAMP_020,18-24,1,141,78,0.04618635926993276,0.064891846921797,1.8076923076923077,1.0,0.5531914893617021,0.4011119764870098,0.00257663475941115,reduce_budget
CAMP_048|25-34,CAMP_048,25-34,5,741,428,0.043929140357926603,0.06599523591641994,1.7425328185485298,1.0,0.5775978407557355,0.4000956719958227,0.002570106294464596,reduce_budget
CAMP_065|35-44,CAMP_065,35-44,2,204,153,0.04128678858163326,0.055447147982288836,1.329199452617174,1.0,0.75,0.39986853285485696,0.002568647214107632,reduce_budget
CAMP_054|25-34,CAMP_054,25-34,2,427,198,0.05227761994190874,0.06310536020061723,2.1829545454545456,1.0,0.4637002341920375,0.399671359677654,0.0025673806269903535,reduce_budget
CAMP_100|25-34,CAMP_100,25-34,7,914,601,0.0442357702954963,0.05895666231966424,1.548605234892158,1.0,0.6575492341356673,0.3993826778846349,0.002565526213295662,reduce_budget
CAMP_086|25-34,CAMP_086,25-34,6,1224,591,0.05092747680643253,0.06394219360813387,2.255935801211846,1.0,0.48284313725490197,0.3983346628130788,0.0025587940481645974,reduce_budget
CAMP_027|35-44,CAMP_027,35-44,3,636,311,0.04785168278168673,0.06697951491491555,2.060055369985857,1.0,0.4889937106918239,0.3979424709911339,0.0025562747140633565,reduce_budget
CAMP_002|45-54,CAMP_002,45-54,2,211,123,0.047605956204370525,0.05893230147587577,1.7382191780821918,1.0,0.5829383886255924,0.39511519459419114,0.0025381130558086535,reduce_budget
CAMP_011|45-54,CAMP_011,45-54,3,405,232,0.04343380887359064,0.06568124939891562,1.7651941097724233,1.0,0.5728395061728395,0.39454671147452586,0.0025344612741313856,reduce_budget
CAMP_002|18-24,CAMP_002,18-24,3,319,191,0.05369721407854831,0.04906976442196923,1.7809886764351577,1.0,0.5987460815047022,0.3938096439841749,0.002529726552091163,reduce_budget
CAMP_008|45-54,CAMP_008,45-54,5,615,332,0.05840076477045306,0.04656199495017928,1.9475827366752518,1.0,0.5398373983739837,0.39295753642577536,0.0025242528437941477,reduce_budget
CAMP_007|35-44,CAMP_007,35-44,2,233,157,0.04540193700892028,0.05386769915149518,1.4832792207792207,1.0,0.6738197424892703,0.3928494188248836,0.002523558325592518,reduce_budget
CAMP_097|35-44,CAMP_097,35-44,4,483,320,0.050148145246670314,0.047654068581695186,1.5091450216450217,1.0,0.6625258799171843,0.392065057711039,0.0025185198021169474,reduce_budget
CAMP_007|45-54,CAMP_007,45-54,1,141,80,0.04712206359733324,0.05925925925925926,1.7625,1.0,0.5673758865248227,0.3895979661527721,0.0025026718737669786,reduce_budget
CAMP_054|18-24,CAMP_054,18-24,3,481,267,0.047336961950622,0.060917287607510084,1.948260381593715,1.0,0.5550935550935551,0.3895066093752339,0.002502085022557563,reduce_budget
CAMP_075|35-44,CAMP_075,35-44,3,442,256,0.0431407068288887,0.06376886051754256,1.7283151885804424,1.0,0.579185520361991,0.3882875236267523,0.0024942539457052807,reduce_budget
CAMP_032|25-34,CAMP_032,25-34,2,199,123,0.04648625852387005,0.05554009112024008,1.630781499202552,1.0,0.6180904522613065,0.3874242083418054,0.0024887082420067598,reduce_budget
CAMP_001|25-34,CAMP_001,25-34,1,75,53,0.04543910310854425,0.04953271028037383,1.4150943396226414,1.0,0.7066666666666667,0.38696426863173294,0.002485753713810954,reduce_budget
CAMP_075|18-24,CAMP_075,18-24,3,459,253,0.04841678964637088,0.057928428949731374,1.8513016411997736,1.0,0.55119825708061,0.3857634970911066,0.002478040282472437,reduce_budget
CAMP_083|25-34,CAMP_083,25-34,3,500,288,0.048034090349059894,0.05619656689076724,1.7425347617098061,1.0,0.576,0.3856237773213029,0.0024771427604921505,reduce_budget
CAMP_040|25-34,CAMP_040,25-34,2,275,148,0.04931179304142199,0.05795886429689247,1.953831417624521,1.0,0.5381818181818182,0.385411648804793,0.002475780104323445,reduce_budget
CAMP_053|25-34,CAMP_053,25-34,6,1006,556,0.044135676554999455,0.06378308024910781,1.8514222136222909,1.0,0.5526838966202783,0.38457937821644733,0.0024704338233523596,reduce_budget
CAMP_078|18-24,CAMP_078,18-24,3,473,247,0.05043486615292497,0.0568917629576979,1.9437490002927447,1.0,0.5221987315010571,0.3842833170921823,0.0024685320068312654,reduce_budget
CAMP_050|25-34,CAMP_050,25-34,4,698,375,0.04254384796706918,0.0670610154427343,1.8935131249469486,1.0,0.5372492836676218,0.3836835825679628,0.002464679474590626,reduce_budget
CAMP_055|18-24,CAMP_055,18-24,1,164,82,0.0382882083673397,0.07599629286376275,2.0,1.0,0.5,0.3831557794828736,0.002461289010443741,reduce_budget
CAMP_033|45-54,CAMP_033,45-54,2,248,149,0.042231896511847125,0.06161851877086598,1.6654954954954955,1.0,0.6008064516129032,0.38199186325334444,0.0024538123276472983,reduce_budget
CAMP_057|25-34,CAMP_057,25-34,3,530,287,0.0395181453058629,0.0711579061432464,1.9696422764227641,1.0,0.5415094339622641,0.3816117760729455,0.0024513707504867266,reduce_budget
CAMP_059|25-34,CAMP_059,25-34,6,1123,535,0.04466088151260211,0.06845230759933725,2.1780607978214332,1.0,0.4764024933214604,0.38100675125446537,0.0024474842348277937,reduce_budget
CAMP_076|35-44,CAMP_076,35-44,1,150,88,0.04580107732611191,0.056555269922879174,1.7045454545454546,1.0,0.5866666666666667,0.37826922953303493,0.002429899136312768,reduce_budget
CAMP_041|45-54,CAMP_041,45-54,1,134,84,0.03520721963556935,0.06857142857142857,1.5952380952380953,1.0,0.6268656716417911,0.377671305364553,0.002426058233307339,reduce_budget
CAMP_046|25-34,CAMP_046,25-34,1,161,74,0.06017383552484957,0.04567901234567901,2.175675675675676,1.0,0.45962732919254656,0.37703906984627794,0.0024219969234786243,reduce_budget
CAMP_044|35-44,CAMP_044,35-44,1,142,85,0.03707758773746819,0.06783719074221868,1.6705882352941177,1.0,0.5985915492957746,0.37644528539909333,0.0024181826129222226,reduce_budget
CAMP_089|25-34,CAMP_089,25-34,6,1157,609,0.04146435111452603,0.06767248919948891,1.9829687597071513,1.0,0.526361279170268,0.3756164150198528,0.0024128581739740213,reduce_budget
CAMP_024|25-34,CAMP_024,25-34,4,609,295,0.03840976269720371,0.07541942807564628,2.142241643126177,1.0,0.48440065681444994,0.37534786455358704,0.0024111330784730173,reduce_budget
CAMP_006|25-34,CAMP_006,25-34,3,381,217,0.041582463655528416,0.06347805755761353,1.7752341627341626,1.0,0.5695538057742782,0.37528287086129275,0.002410715576586949,reduce_budget
CAMP_048|35-44,CAMP_048,35-44,4,648,330,0.04173868704541134,0.06792110127485201,1.9877889214434177,1.0,0.5092592592592593,0.3741814461118938,0.0024036403221429597,reduce_budget
CAMP_080|18-24,CAMP_080,18-24,2,363,181,0.04938265593371364,0.05749243314403468,2.0219072164948453,1.0,0.4986225895316804,0.37389104196508066,0.002401774844513722,reduce_budget
CAMP_024|35-44,CAMP_024,35-44,2,316,150,0.042233262235440855,0.06970826686329165,2.1095305832147937,1.0,0.47468354430379744,0.3734054548799785,0.002398655564523248,reduce_budget
CAMP_034|18-24,CAMP_034,18-24,1,94,62,0.038698655574537624,0.05950095969289827,1.5161290322580645,1.0,0.6595744680851063,0.3729478561737525,0.0023957160743024626,reduce_budget
CAMP_047|45-54,CAMP_047,45-54,1,127,70,0.056565794411654324,0.04221954161640531,1.8142857142857143,1.0,0.5511811023622047,0.3726133518296751,0.002393567308943541,reduce_budget
CAMP_012|18-24,CAMP_012,18-24,2,264,146,0.03818358864326782,0.06887105283996224,1.8227848101265822,1.0,0.553030303030303,0.3719525525586284,0.0023893225132989825,reduce_budget
CAMP_047|35-44,CAMP_047,35-44,4,688,318,0.057058487878511456,0.04929644748351087,2.314868808147783,1.0,0.4622093023255814,0.37169609519146446,0.0023876751005931112,reduce_budget
CAMP_004|45-54,CAMP_004,45-54,1,101,70,0.03937546653396367,0.05529225908372828,1.4428571428571428,1.0,0.693069306930693,0.3712415697992821,0.0023847553525098227,reduce_budget
CAMP_026|25-34,CAMP_026,25-34,3,580,264,0.04503026962118775,0.06647195116203013,2.198200953635736,1.0,0.45517241379310347,0.3706326419001512,0.0023808437645173194,reduce_budget
CAMP_023|18-24,CAMP_023,18-24,4,647,359,0.041595177810642134,0.06416756349742203,2.046246408045977,1.0,0.5548686244204019,0.3681670338598741,0.002365005365885342,reduce_budget
CAMP_049|25-34,CAMP_049,25-34,6,1024,493,0.04883067781339801,0.05808521800337449,2.0904466875224568,1.0,0.4814453125,0.3679126367722246,0.002363371187857372,reduce_budget
CAMP_001|45-54,CAMP_001,45-54,1,84,55,0.043835059922811295,0.05097312326227989,1.5272727272727273,1.0,0.6547619047619048,0.367687331685094,0.0023619238889657826,reduce_budget
CAMP_049|35-44,CAMP_049,35-44,1,132,73,0.04642731432594157,0.05534495830174375,1.8082191780821917,1.0,0.553030303030303,0.36686228917975294,0.0023566240392433394,reduce_budget
CAMP_032|18-24,CAMP_032,18-24,2,225,126,0.05420960254033419,0.043749515203226806,1.8680555555555558,1.0,0.56,0.36603126610012326,0.0023512857719305553,reduce_budget
CAMP_100|18-24,CAMP_100,18-24,2,249,156,0.04666114272556436,0.048516132827436095,1.5911184210526317,1.0,0.6265060240963856,0.36543035535161383,0.002347425683943471,reduce_budget
CAMP_015|25-34,CAMP_015,25-34,3,438,216,0.053606128393200114,0.049495583662965775,2.062259660731647,1.0,0.4931506849315068,0.3650700306833096,0.002345111055811055,reduce_budget
CAMP_090|18-24,CAMP_090,18-24,5,518,380,0.03826249298351454,0.05282090872391293,1.454699766211394,1.0,0.7335907335907336,0.36437436703916354,0.0023406423008711895,reduce_budget
CAMP_078|45-54,CAMP_078,45-54,2,332,169,0.046510320072001385,0.05837959149286704,2.0122382569326542,1.0,0.5090361445783133,0.36405763754970255,0.0023386077163668243,reduce_budget
CAMP_078|25-34,CAMP_078,25-34,1,145,82,0.04081261921341851,0.06083086053412463,1.7682926829268293,1.0,0.5655172413793104,0.36055925653936766,0.002316135063737903,reduce_budget
CAMP_019|18-24,CAMP_019,18-24,2,298,163,0.03666030291320477,0.06811046312178387,1.876956244011498,1.0,0.5469798657718121,0.3581273218483086,0.002300512973586218,reduce_budget
CAMP_015|35-44,CAMP_015,35-44,3,438,210,0.05867073264149053,0.04306626149653253,2.5744382022471908,1.0,0.4794520547945205,0.35725129836772906,0.0022948856358789515,reduce_budget
CAMP_018|25-34,CAMP_018,25-34,3,427,208,0.03769279904057426,0.07084136471349975,2.0687085421430775,1.0,0.48711943793911006,0.35646846949527594,0.0022898569551073147,reduce_budget
CAMP_047|25-34,CAMP_047,25-34,2,335,146,0.05263875252545723,0.05303640360968377,2.3257575757575757,1.0,0.43582089552238806,0.3556149190346441,0.00228437397799694,reduce_budget
CAMP_026|18-24,CAMP_026,18-24,4,758,349,0.040271426596348234,0.06938774349906848,2.271323358839555,1.0,0.4604221635883905,0.3554634714111805,0.0022834011194593712,reduce_budget
CAMP_071|18-24,CAMP_071,18-24,2,290,157,0.04930475269156964,0.04926763609477574,1.9050739247311828,1.0,0.5413793103448276,0.3548927215922453,0.002279734777119569,reduce_budget
CAMP_058|25-34,CAMP_058,25-34,3,616,269,0.046019056993788415,0.06288385903414605,2.4938436930402115,1.0,0.4366883116883117,0.35389337481396016,0.0022733152439303912,reduce_budget
CAMP_023|45-54,CAMP_023,45-54,2,389,175,0.048961704827308314,0.056599618011941424,2.296333601933924,1.0,0.4498714652956298,0.35242962172660164,0.0022639124903224956,reduce_budget
CAMP_064|35-44,CAMP_064,35-44,2,245,139,0.03690772835804283,0.06423082075518091,1.7778592375366569,1.0,0.5673469387755102,0.3521026646833926,0.0022618122067813635,reduce_budget
CAMP_049|45-54,CAMP_049,45-54,1,188,84,0.053201282417547534,0.050119331742243436,2.238095238095238,1.0,0.44680851063829785,0.35170474407811136,0.0022592560725267015,reduce_budget
CAMP_076|25-34,CAMP_076,25-34,3,488,247,0.0454272240825512,0.05674622349816346,2.042549238201412,1.0,0.5061475409836066,0.35081319827767193,0.0022535290236384126,reduce_budget
CAMP_092|25-34,CAMP_092,25-34,2,210,143,0.03773767369521798,0.052687115516062887,1.4805008210180626,1.0,0.680952380952381,0.3484475974689419,0.0022383330443908013,reduce_budget
CAMP_057|35-44,CAMP_057,35-44,2,366,177,0.03615456486188187,0.0709166426120145,2.0955524224557807,1.0,0.48360655737704916,0.3470710862755355,0.0022294907090940285,reduce_budget
CAMP_057|45-54,CAMP_057,45-54,1,219,88,0.04262156722716354,0.06702208682406702,2.4886363636363638,1.0,0.4018264840182648,0.3432485289385979,0.002204935635494738,reduce_budget
CAMP_077|25-34,CAMP_077,25-34,2,327,170,0.039936788608730484,0.06158516886099394,2.012142857142857,1.0,0.5198776758409785,0.3426060684539335,0.002200808643249748,reduce_budget
CAMP_010|35-44,CAMP_010,35-44,3,464,206,0.054175297130890275,0.046685654689164406,2.3097564908885664,1.0,0.44396551724137934,0.3423934820199899,0.0021994430455434025,reduce_budget
CAMP_020|25-34,CAMP_020,25-34,5,854,379,0.0472951574559564,0.05655791453741129,2.300510542181911,1.0,0.44379391100702575,0.3418107955213304,0.0021957000252042077,reduce_budget
CAMP_098|35-44,CAMP_098,35-44,1,132,76,0.038518343474921724,0.05828220858895705,1.736842105263158,1.0,0.5757575757575758,0.34174062680784284,0.002195249280382827,reduce_budget
CAMP_022|35-44,CAMP_022,35-44,3,477,223,0.04872123316662156,0.05278294932342329,2.2500400833734164,1.0,0.46750524109014674,0.34157102334254114,0.002194159793631919,reduce_budget
CAMP_020|45-54,CAMP_020,45-54,1,185,69,0.04968216794914687,0.05808080808080808,2.681159420289855,1.0,0.372972972972973,0.3395456125080836,0.0021811491026925522,reduce_budget
CAMP_025|18-24,CAMP_025,18-24,1,143,67,0.046000228667251036,0.05550952775476388,2.1343283582089554,1.0,0.46853146853146854,0.33924932625194154,0.0021792458399852214,reduce_budget
CAMP_038|35-44,CAMP_038,35-44,5,598,317,0.04829686452859598,0.04796190375726418,2.1016752376499923,1.0,0.5301003344481605,0.33778415427437536,0.002169833971810713,reduce_budget
CAMP_022|18-24,CAMP_022,18-24,2,383,150,0.05310295955647518,0.05073435504469987,2.5723214285714286,1.0,0.391644908616188,0.3362945556032305,0.0021602651931687503,reduce_budget
CAMP_018|45-54,CAMP_018,45-54,2,342,151,0.03799541793826876,0.06948447051010434,2.558080808080808,1.0,0.4415204678362573,0.3349836598898448,0.0021518443539540874,reduce_budget
CAMP_009|25-34,CAMP_009,25-34,4,531,261,0.04287914920836552,0.0566314159328754,2.072155481768685,1.0,0.4915254237288136,0.33271386193581864,0.00213726378631209,reduce_budget
CAMP_081|25-34,CAMP_081,25-34,5,845,397,0.0384696324793012,0.06457087949688575,2.1704244651041957,1.0,0.46982248520710057,0.33159818253708234,0.002130096963859368,reduce_budget
CAMP_007|18-24,CAMP_007,18-24,7,842,446,0.04939101873322232,0.042968242530705796,1.9841412463570092,1.0,0.5296912114014252,0.32753934690404357,0.002104024102444413,reduce_budget
CAMP_080|35-44,CAMP_080,35-44,3,448,221,0.050641670511328334,0.043638679850471374,2.0482410791100025,1.0,0.49330357142857145,0.32748617585830875,0.0021036825460395547,reduce_budget
CAMP_021|45-54,CAMP_021,45-54,1,154,71,0.05120668822050227,0.04528061224489796,2.1690140845070425,1.0,0.461038961038961,0.3272209359196099,0.0021019787164715097,reduce_budget
CAMP_018|18-24,CAMP_018,18-24,3,479,216,0.04416323705841696,0.056915044149204924,2.3499041484548733,1.0,0.4509394572025052,0.3268701747636057,0.0020997255217533486,reduce_budget
CAMP_028|45-54,CAMP_028,45-54,1,210,80,0.04468834410366875,0.061208875286916604,2.625,1.0,0.38095238095238093,0.3264672882917144,0.002097137488115801,reduce_budget
CAMP_024|45-54,CAMP_024,45-54,3,495,201,0.041130622860526996,0.06439832438551628,2.4796287861011037,1.0,0.40606060606060607,0.32643539365282276,0.002096932605589164,reduce_budget
CAMP_088|25-34,CAMP_088,25-34,5,1055,419,0.05317821737287207,0.047366091546250516,2.5440152984270634,1.0,0.3971563981042654,0.3257608373011612,0.002092599438182658,reduce_budget
CAMP_023|25-34,CAMP_023,25-34,3,469,216,0.035620316931902984,0.06757779204520366,2.177294852342469,1.0,0.4605543710021322,0.32512971723174044,0.002088545293695441,reduce_budget
CAMP_035|25-34,CAMP_035,25-34,2,229,124,0.04031549001720747,0.054035167770632886,1.8752291175700444,1.0,0.5414847161572053,0.3244916225946136,0.0020844463464732353,reduce_budget
CAMP_016|45-54,CAMP_016,45-54,3,379,188,0.040096307193966875,0.057872352465898315,2.0596239324917365,1.0,0.49604221635883905,0.32344098276823474,0.002077697320627688,reduce_budget
CAMP_058|35-44,CAMP_058,35-44,2,382,158,0.04871951100042489,0.05146235786635446,2.428426567517323,1.0,0.41361256544502617,0.3219900028179469,0.0020683766181947565,reduce_budget
CAMP_004|18-24,CAMP_004,18-24,3,332,186,0.04223481548251343,0.04826865544721783,1.78494623655914,1.0,0.5602409638554217,0.31995010090067577,0.0020552728404620055,reduce_budget
CAMP_099|45-54,CAMP_099,45-54,1,150,78,0.03960507124424997,0.05524079320113314,1.9230769230769231,1.0,0.52,0.31924607060739457,0.002050750340432876,reduce_budget
CAMP_003|45-54,CAMP_003,45-54,2,206,117,0.0422497277197777,0.048941480724123416,1.9898908857509627,1.0,0.5679611650485437,0.31917063306312415,0.002050265750068773,reduce_budget
CAMP_058|18-24,CAMP_058,18-24,4,761,309,0.050310124583154175,0.04910713068375821,2.511785581863446,1.0,0.4060446780551905,0.3190262516797289,0.0020493382831446335,reduce_budget
CAMP_084|35-44,CAMP_084,35-44,3,532,234,0.051336996950742786,0.04489715318763634,2.358546059933407,1.0,0.4398496240601504,0.31861888817199213,0.002046721490240709,reduce_budget
CAMP_034|35-44,CAMP_034,35-44,4,474,259,0.03965246122327168,0.05312790416266441,2.0274795233371252,1.0,0.5464135021097046,0.3150829228135463,0.0020240074059332805,reduce_budget
CAMP_071|45-54,CAMP_071,45-54,1,138,67,0.03706809795370681,0.06063348416289593,2.0597014925373136,1.0,0.4855072463768116,0.3149337150896817,0.0020230489359044142,reduce_budget
CAMP_009|45-54,CAMP_009,45-54,1,133,59,0.04743190661478599,0.04840032813781788,2.2542372881355934,1.0,0.44360902255639095,0.31295246221417666,0.0020103219037401806,reduce_budget
CAMP_050|45-54,CAMP_050,45-54,2,337,156,0.0343635043483478,0.06584732214228617,2.194518272425249,1.0,0.4629080118694362,0.31205734471128427,0.0020045719112021625,reduce_budget
CAMP_064|25-34,CAMP_064,25-34,5,551,315,0.042069809659454185,0.04672505181803987,1.9382938029477998,1.0,0.5716878402903811,0.31193549620552724,0.0020037891893845156,reduce_budget
CAMP_022|45-54,CAMP_022,45-54,2,363,139,0.038809421050754446,0.06557912196499152,2.6005197505197506,1.0,0.38292011019283745,0.3114945887391929,0.00200095691917062,reduce_budget
CAMP_050|18-24,CAMP_050,18-24,3,478,224,0.04251293907554219,0.053429269400231294,2.2016260162601626,1.0,0.4686192468619247,0.31131038291455904,0.001999773630816095,reduce_budget
CAMP_053|18-24,CAMP_053,18-24,3,534,246,0.042018841592675917,0.055325716634231394,2.404527962007697,1.0,0.4606741573033708,0.31058072620257804,0.0019950865136100877,reduce_budget
CAMP_021|25-34,CAMP_021,25-34,5,789,323,0.045610326254403775,0.05281979745496015,2.581006633700011,1.0,0.4093789607097592,0.3070703983215973,0.0019725371175180516,reduce_budget
CAMP_062|45-54,CAMP_062,45-54,1,122,60,0.03433552120827158,0.06166495375128469,2.033333333333333,1.0,0.4918032786885246,0.30583891116697504,0.001964626377389675,reduce_budget
CAMP_038|45-54,CAMP_038,45-54,1,164,68,0.04846570093772057,0.047156726768377254,2.411764705882353,1.0,0.4146341463414634,0.3050671847525924,0.0019596690158033446,reduce_budget
CAMP_080|45-54,CAMP_080,45-54,3,508,214,0.04819374324666406,0.04762126151668638,2.6035838258748476,1.0,0.421259842519685,0.3040912417206178,0.0019533998219452738,reduce_budget
CAMP_027|25-34,CAMP_027,25-34,2,407,161,0.040782435007545276,0.059926238863431174,2.7517921146953404,1.0,0.3955773955773956,0.30211852436691805,0.0019407276196626254,reduce_budget
CAMP_064|18-24,CAMP_064,18-24,2,245,122,0.042136439062668805,0.048680698543430184,2.020743534482759,1.0,0.49795918367346936,0.3015850120068875,0.0019373004806789685,reduce_budget
CAMP_077|18-24,CAMP_077,18-24,7,1075,518,0.040485122941252706,0.05248493968198061,2.144904485579164,1.0,0.48186046511627906,0.30072057575720174,0.0019317475762064007,reduce_budget
CAMP_025|25-34,CAMP_025,25-34,2,296,114,0.046951891988747926,0.050629656696408204,2.626662542530158,1.0,0.38513513513513514,0.3003219962525734,0.0019291872093606913,reduce_budget
CAMP_079|18-24,CAMP_079,18-24,2,281,130,0.04341714518256609,0.048769817738344316,2.182584937039677,1.0,0.4626334519572954,0.29793307790863793,0.0019138414445787754,reduce_budget
CAMP_020|35-44,CAMP_020,35-44,3,518,203,0.043162710583577076,0.05540943946228342,2.711730236419628,1.0,0.3918918918918919,0.29792644057906187,0.0019137988081702464,reduce_budget
CAMP_057|18-24,CAMP_057,18-24,4,806,327,0.04240957986603141,0.05564522659237197,2.7046918767507,1.0,0.4057071960297767,0.29781649649242964,0.001913092557118634,reduce_budget
CAMP_027|18-24,CAMP_027,18-24,5,895,351,0.04419866866601346,0.0534174963813673,2.5987151363122027,1.0,0.39217877094972065,0.29761878043333045,0.0019118224826750073,reduce_budget
CAMP_080|25-34,CAMP_080,25-34,2,394,154,0.04561532062076688,0.05132767646065518,2.6856574425755113,1.0,0.39086294416243655,0.2961709432425663,0.0019025219684785386,reduce_budget
CAMP_019|25-34,CAMP_019,25-34,4,629,272,0.03475170604309142,0.06282757998587293,2.3811048776686925,1.0,0.43243243243243246,0.29313609379792993,0.00188302691715368,reduce_budget
CAMP_009|18-24,CAMP_009,18-24,1,131,59,0.0423458540042523,0.049372384937238493,2.2203389830508473,1.0,0.45038167938931295,0.29098309506049175,0.0018691966360625063,reduce_budget
CAMP_023|35-44,CAMP_023,35-44,1,168,66,0.03870405852638913,0.0594059405940594,2.5454545454545454,1.0,0.39285714285714285,0.29086406979893403,0.001868432050001368,reduce_budget
CAMP_034|25-34,CAMP_034,25-34,4,399,214,0.03683913274024061,0.05094406188107259,2.0004930090429407,1.0,0.5363408521303258,0.2900364842735177,0.0018631158646063345,reduce_budget
CAMP_022|25-34,CAMP_022,25-34,3,507,190,0.040135687463811194,0.05858127648429431,2.80239651416122,1.0,0.3747534516765286,0.288464073138239,0.0018530151211113932,reduce_budget
CAMP_081|18-24,CAMP_081,18-24,5,814,346,0.039298822219652405,0.05564904653815145,2.471859810409917,1.0,0.4250614250614251,0.28820036594814163,0.0018513211375054623,reduce_budget
CAMP_084|45-54,CAMP_084,45-54,1,212,70,0.05423397563135554,0.039414414414414414,3.0285714285714285,1.0,0.330188679245283,0.2817542809480373,0.0018099132323642266,reduce_budget
CAMP_025|35-44,CAMP_025,35-44,7,1245,435,0.04217926808446058,0.05514899113296588,3.08898610000708,1.0,0.3493975903614458,0.2783601262257409,0.00178811010119651,reduce_budget
CAMP_019|35-44,CAMP_019,35-44,3,461,185,0.03699239987971238,0.05753362985124751,2.5754766539970952,1.0,0.40130151843817785,0.2760385990164005,0.0017731972388210354,reduce_budget
CAMP_028|25-34,CAMP_028,25-34,4,720,254,0.041502571984236375,0.05539153426748672,3.2171664108249476,1.0,0.3527777777777778,0.2751924428399034,0.001767761760590374,reduce_budget
CAMP_029|25-34,CAMP_029,25-34,4,784,280,0.041330012442375,0.053980416061920035,2.8255740238202924,1.0,0.35714285714285715,0.2737337993640517,0.0017583918297436702,reduce_budget
CAMP_019|45-54,CAMP_019,45-54,1,162,65,0.03178840840654394,0.0634765625,2.4923076923076923,1.0,0.4012345679012346,0.2709615991288708,0.0017405839658434855,reduce_budget
CAMP_088|18-24,CAMP_088,18-24,4,710,260,0.04893467531012993,0.04142495923168743,2.8498431177570334,1.0,0.36619718309859156,0.27010981301786324,0.0017351123224375032,reduce_budget
CAMP_015|45-54,CAMP_015,45-54,1,173,52,0.05832631874298541,0.03126879134095009,3.326923076923077,1.0,0.30057803468208094,0.26463556074887273,0.001699947207694231,reduce_budget
CAMP_029|18-24,CAMP_029,18-24,4,663,257,0.040284233950473494,0.04983075365725943,2.7038106330571967,1.0,0.38763197586727,0.26068278451570975,0.0016745556431547169,reduce_budget
CAMP_058|45-54,CAMP_058,45-54,1,217,65,0.03241197762421849,0.06598984771573604,3.3384615384615386,1.0,0.2995391705069124,0.2525276238108248,0.0016221690983179759,reduce_budget
CAMP_084|18-24,CAMP_084,18-24,1,213,68,0.04691936192009366,0.042420461634435434,3.1323529411764706,1.0,0.3192488262910798,0.24980065598299342,0.001604651795158583,reduce_budget
CAMP_029|35-44,CAMP_029,35-44,2,449,132,0.040462576006853,0.05346687653518561,3.5600961538461537,1.0,0.29398663697104677,0.24688218979703833,0.001585904358383552,reduce_budget
CAMP_009|35-44,CAMP_009,35-44,4,502,203,0.034574793028032624,0.05302684582731376,2.5730690252974937,1.0,0.4043824701195219,0.24683305981062761,0.0015855887606499117,reduce_budget
CAMP_034|45-54,CAMP_034,45-54,1,132,51,0.03761721305517191,0.04927536231884058,2.588235294117647,1.0,0.38636363636363635,0.2452807571622933,0.0015756171886319077,reduce_budget
CAMP_084|25-34,CAMP_084,25-34,5,825,299,0.04431368569727081,0.041741513211969505,3.0985878356357293,1.0,0.3624242424242424,0.2428622076589111,0.0015600810813026042,reduce_budget
CAMP_064|45-54,CAMP_064,45-54,1,91,37,0.052795031055900624,0.02340290955091714,2.4594594594594597,1.0,0.4065934065934066,0.2377929445765515,0.0015275175074671808,reduce_budget
CAMP_021|18-24,CAMP_021,18-24,2,382,106,0.04829809717213926,0.03940085299562935,3.6037735849056602,1.0,0.2774869109947644,0.2332655726711849,0.0014984348958675072,reduce_budget
CAMP_028|35-44,CAMP_028,35-44,5,1004,276,0.039178606855131394,0.049660431289442995,3.8476667544287593,1.0,0.2749003984063745,0.21972289792920152,0.0014114404192098803,reduce_budget
CAMP_038|18-24,CAMP_038,18-24,1,141,35,0.04569767441860465,0.029686174724342665,4.0285714285714285,1.0,0.24822695035460993,0.17401861994819162,0.0011178485092124646,reduce_budget
